ID,Name,PhotoUrl
234432982,Flenn Woods,https://randomuser.me/api/portraits/men/19.jpg
738523840,Theresa Stanley,https://randomuser.me/api/portraits/women/79.jpg
465488217,Stacy Bailey,https://randomuser.me/api/portraits/women/6.jpg
784122076,Laurie Ross,https://randomuser.me/api/portraits/women/38.jpg
364645256,Nicholas Mendoza,https://randomuser.me/api/portraits/men/26.jpg
394697316,Isaac Cook,https://randomuser.me/api/portraits/men/46.jpg
273290486,Alberto James,https://randomuser.me/api/portraits/men/65.jpg
334181022,Brian Meyer,https://randomuser.me/api/portraits/men/45.jpg
704793809,Charles Cook,https://randomuser.me/api/portraits/men/1.jpg
662891463,Diana Boyd,https://randomuser.me/api/portraits/women/71.jpg
